{
  "dependencies": {
    "bcrypt": "0.8.7",
    "ejs": "~0.8.4",
    "geoip-lite": "^1.1.6",
    "grunt": "1.0.1",
    "grunt-bower-task": "^0.4.0",
    "grunt-contrib-clean": "~1.0.0",
    "grunt-contrib-coffee": "~1.0.0",
    "grunt-contrib-concat": "~1.0.1",
    "grunt-contrib-copy": "~1.0.0",
    "grunt-contrib-cssmin": "~0.5.0",
    "grunt-contrib-jst": "~1.0.0 ",
    "grunt-contrib-less": "1.4.0 ",
    "grunt-contrib-uglify": "~2.0.0",
    "grunt-contrib-watch": "~1.0.0",
    "grunt-sails-linker": "~0.10.1",
    "grunt-sync": "~0.6.2",
    "include-all": "^0.1.6",
    "jsonwebtoken": "5.0.0",
    "mongo": "0.1.0",
    "node-strophe": "^1.0.1",
    "node-xmpp": "^1.0.0-alpha2",
    "nodemailer": "^1.3.2",
    "rc": "~0.5.0",
    "sails": "~0.11.0",
    "sails-disk": "~0.10.0",
    "sails-hook-autoreload": "^0.11.5",
    "sails-mongo": "0.12.1"
  },
  "name": "SunnahNikaah",
  "private": true,
  "version": "0.0.0",
  "description": "A matrimonial community site",
  "keywords": [],
  "scripts": {
    "start": "node app.js",
    "debug": "node debug app.js"
  },
  "main": "app.js",
  "repository": {
    "type": "git",
    "url": "git://github.com/zahid/sails-angular-bootstrap-uirouter-boiler.git"
  },
  "author": "zahid",
  "license": "",
  "devDependencies": {
    "grunt-bower-task": "^0.4.0",
    "grunt-contrib-clean": "^1.0.0",
    "grunt-contrib-coffee": "^1.0.0"
  }
}
